fold,season,train_slots,test_slots,gbm_MAE,naive7d_MAE,mean_load,gbm_MAPE_%,improvement_%
2023-06,summer,11520,2880,5.562219152023821,5.500198592188934,58.34694455285559,9.533008445686635,-1.1276058272325917
2023-07,summer,14400,2976,4.513017098690342,5.667363785041844,57.57506912500853,7.838491845995978,20.36831814817017
2023-08,summer,17376,2976,7.04473761829541,9.070143380218843,62.87103889180865,11.20505998066664,22.330471272820873
2023-09,shoulder,20352,2880,7.146295561621908,9.932308033051065,64.48378972042086,11.082313233458741,28.05000068622855
2023-10,shoulder,23232,2880,10.106929149166048,18.30673164656804,88.63026169399343,11.403474339341823,44.79118750254477
2023-11,winter,26112,2880,16.626742877716822,28.760115424346512,157.80059602932485,10.536552646877832,42.188191415804745
2023-12,winter,28992,2976,13.263078757699708,41.471230204927814,189.95577796438644,6.9821928555320465,68.01860303598197
2024-01,winter,31968,2976,14.191826186159371,51.393826812794316,203.51217411996132,6.973453184080243,72.38612676605283
2024-02,winter,34944,2592,9.160855752764965,22.596612519579004,143.0393708878333,6.4044295608295165,59.45916342625483
