,0
Temperature_avg_hourly,10.180490787014046
slot_of_day,6.075342785112613
hdd,4.209126839178158
lag_2d,3.1664476707070888
temp_day_mean,2.4594519682307583
Sunshine_duration_hourly,2.0113721565326474
lag7_roll4,1.1109487481128693
day_of_week,0.6756057599410589
lag_7d,0.46911663790633434
temp_roll24h,0.23792185507859784
Humidity_avg_hourly,0.23159632860238838
doy_sin,0.20735254670525335
WindSpeed_hourly,0.15027541094348215
doy_cos,0.10556726445489026
month,0.007498943204841524
is_weekend,0.0
d1_morning_mean,-0.009631979802322022
