forecast,quantile,MAE,bias,cost_EUR,pinball_at_own_q,coverage_%
mean,,9.901915938481995,-1.242518956500351,3252.9514465021803,,47.68055555555556
q0.050,0.05,16.594413224901423,-15.252065330392151,5925.664236762179,1.4337772137742442,12.36111111111111
q0.100,0.1,14.235419666227475,-11.99167559685236,5043.976293344389,2.321039594372793,17.75
q0.250,0.25,11.491744824665291,-7.475567378371177,3992.4457488129165,3.8769805677398512,27.63888888888889
q0.400,0.4,10.215732526863794,-4.035976585942748,3455.1924957978085,4.704268604837623,38.40277777777778
q0.500,0.5,9.859845754137911,-1.1016454100393942,3234.249259102102,4.929922877068956,47.833333333333336
q0.556,0.556,10.145216558023323,-0.0729395485407666,3289.6759885470237,5.076692893729944,51.83333333333333
q0.650,0.65,9.966845094001025,2.2452477253003345,3148.4288923455197,4.646635388205462,58.236111111111114
q0.750,0.75,10.868696881049614,4.63694644285438,3354.527717517317,4.275111829811212,65.47222222222221
q0.900,0.9,13.590405487960568,10.54223452937704,4023.770935041651,2.5783089322294686,80.26388888888889
q0.950,0.95,16.49324126695015,14.347121608795707,4827.3137925752035,1.7904159095170082,86.02777777777779
