Household_ID,known_label,prob_pv,source,pv
100120,False,0.0005069335469871635,surveyed,False
103721,False,0.9858714866622764,surveyed,False
105714,False,0.020295861012255292,surveyed,False
105807,False,0.003726963192950341,surveyed,False
105900,False,0.01015973876841217,surveyed,False
106100,False,0.004674252422693322,surveyed,False
107114,False,0.011981402057768849,surveyed,False
108511,False,0.08469856812187437,surveyed,False
108987,False,0.08791982389182414,surveyed,False
109711,True,0.9974758825443012,surveyed,True
111119,False,0.0008374337633899484,surveyed,False
112120,True,0.0985208711877754,surveyed,True
112810,True,0.02199437013660781,surveyed,True
114721,False,0.37544884078398416,surveyed,False
116121,False,0.037575435733044144,surveyed,False
118117,False,0.058738378917433144,surveyed,False
118708,False,0.00027913450208604055,surveyed,False
119498,False,0.015517117328577764,surveyed,False
120701,True,0.06192849433465894,surveyed,True
120741,False,0.0027767812035283082,surveyed,False
121728,False,0.010704317360349554,surveyed,False
121887,False,0.7466560688951833,surveyed,False
122850,False,0.32918015349546564,surveyed,False
122887,False,0.02592113615366962,surveyed,False
190821,True,0.9891706031291256,surveyed,True
310610,False,0.3356463238234236,surveyed,False
461089,False,0.7261641714493395,surveyed,False
461104,False,0.04612878194121293,surveyed,False
461158,False,0.004620477336501682,surveyed,False
468646,False,0.013888857802080733,surveyed,False
468980,False,0.007920916525733514,surveyed,False
477661,True,0.0024145397061891656,surveyed,True
512280,False,0.0034423106089869343,surveyed,False
611629,True,0.06944810553926546,surveyed,True
658466,False,0.007339167435098839,surveyed,False
661091,False,0.039842510709305064,surveyed,False
669010,False,0.008492984628732431,surveyed,False
671781,False,0.03141142344603169,surveyed,False
679810,False,0.88087781716417,surveyed,False
680861,False,0.00708728448100404,surveyed,False
706817,False,0.5941004837128748,surveyed,False
712718,True,0.002173873001326006,surveyed,True
716869,False,0.05363903395455767,surveyed,False
721074,False,0.5726987091699947,surveyed,False
721077,False,0.012347366757322072,surveyed,False
728210,True,0.8796343832738682,surveyed,True
731201,,0.009499665555189317,predicted,False
751108,False,0.03892160381807991,surveyed,False
760117,False,0.3869139843709261,surveyed,False
761079,False,0.0014914787993176302,surveyed,False
767371,False,0.34459478367333224,surveyed,False
768113,True,0.2847217777428496,surveyed,True
778721,False,0.03241820128893479,surveyed,False
781099,False,0.11560691010498036,surveyed,False
788488,False,0.41215189308726413,surveyed,False
796869,False,0.9669432236760291,surveyed,False
801031,False,0.030614784653088787,surveyed,False
808112,False,0.007587348279937531,surveyed,False
811080,False,0.0038815864023070907,surveyed,False
816910,False,0.002741861391530326,surveyed,False
821088,False,0.086734013678763,surveyed,False
823761,False,0.06840172412678552,surveyed,False
826780,True,0.9931011741250171,surveyed,True
858577,False,0.007639950750515309,surveyed,False
861116,True,0.23058836318056028,surveyed,True
868122,False,0.9339671470940207,surveyed,False
876790,False,0.1117025016363011,surveyed,False
881223,False,0.08569445409893119,surveyed,False
971071,False,0.004991426932720302,surveyed,False
991118,False,0.00927413256349555,surveyed,False
1015877,True,0.998199822706057,surveyed,True
1019970,False,0.1099384308619409,surveyed,False
1037311,False,0.012612287547099444,surveyed,False
1037610,False,0.09916241619857588,surveyed,False
1071058,False,0.3951964768921284,surveyed,False
1081057,False,0.010246203220189033,surveyed,False
1091217,False,0.2845861973378046,surveyed,False
1101758,False,0.00838694587362493,surveyed,False
1111201,True,0.9985662729080124,surveyed,True
1137376,False,0.05220264404914202,surveyed,False
1141047,True,0.4744555904400905,surveyed,True
1148611,True,0.9867064068449541,surveyed,True
1171127,True,0.9968684674800781,surveyed,True
1191021,False,0.04879321203804831,surveyed,False
1211151,True,0.9978508735797554,surveyed,True
1228011,False,0.055393400879149825,surveyed,False
2794690,False,0.03588347276554804,surveyed,False
4710670,True,0.9974629071925404,surveyed,True
5769106,False,0.10746771079367788,surveyed,False
5831058,False,0.04627524838067838,surveyed,False
5845834,False,0.9884849752983054,surveyed,False
6569121,,0.019839075858783983,predicted,False
6773102,False,0.03235199031707445,surveyed,False
6808461,False,0.7623032770185788,surveyed,False
6901131,False,0.021591343198525726,surveyed,False
6981151,False,0.08790610967102336,surveyed,False
7048688,True,0.9994318707070499,surveyed,True
7069411,False,0.012885046735123803,surveyed,False
7086681,False,0.05496334370600921,surveyed,False
7099511,False,0.009154362201394753,surveyed,False
7146661,False,0.0043789861702408,surveyed,False
7211010,True,0.9858285084652224,surveyed,True
7211189,False,0.022488972125977762,surveyed,False
7374981,True,0.9974521894670821,surveyed,True
7411010,False,0.0025040839541215338,surveyed,False
7411491,False,0.08969347027480891,surveyed,False
7412010,,0.0023971004046697765,predicted,False
7474976,True,0.0029020580599606154,surveyed,True
7679818,True,0.9982671588773145,surveyed,True
7710511,False,0.22116328937537544,surveyed,False
7771161,False,0.029709064893694168,surveyed,False
7984107,False,0.02634711184499152,surveyed,False
8010411,False,0.025525027354405254,surveyed,False
8190108,False,0.0026177846490843784,surveyed,False
8280779,False,0.0204832022057329,surveyed,False
8399121,False,0.0011392552832638657,surveyed,False
8612210,True,0.9996309054047187,surveyed,True
8773113,False,0.03982184836903093,surveyed,False
9097838,True,0.9610396029092042,surveyed,True
9776611,False,0.04437620856890753,surveyed,False
9889190,False,0.25517058756467115,surveyed,False
9981041,True,0.9978404097700485,surveyed,True
10266,,0.9989908128316543,predicted,True
102106,,0.0029686184090961204,predicted,False
102119,True,0.9978511484966148,surveyed,True
103119,,0.5926663939854714,predicted,True
103724,True,0.998658693854524,surveyed,True
103991,,0.22388698973880328,predicted,False
105113,,0.42024978691589654,predicted,False
105461,True,0.9988329555417932,surveyed,True
105697,,0.1391012379144729,predicted,False
106102,True,0.9969664568081545,surveyed,True
106109,,0.04000333403723544,predicted,False
106310,,0.032812217539211284,predicted,False
106691,,0.7500959711811521,predicted,True
106791,True,0.9973995279656565,surveyed,True
108100,,0.4014130755173126,predicted,False
108757,,0.9794762473068448,predicted,True
108798,True,0.9994445147960606,surveyed,True
108927,,0.08145417271796787,predicted,False
109107,,0.02964995477783096,predicted,False
109111,,0.003664293798316492,predicted,False
109879,True,0.12969369651005147,surveyed,True
110411,,0.1535518290398191,predicted,False
110766,,0.15148432165586664,predicted,False
111387,,0.34631393800801186,predicted,False
111651,,0.0054402954314499334,predicted,False
112110,True,0.7978797743063826,surveyed,True
112122,True,0.9698989149101337,surveyed,True
113116,True,0.9978334415391934,surveyed,True
113817,,0.0015088089035613015,predicted,False
113987,,0.007529055860569527,predicted,False
114104,,0.0030326935520093154,predicted,False
114119,,0.029864700491211052,predicted,False
114810,,0.9991186448981546,predicted,True
116117,True,0.9992450947365128,surveyed,True
116310,True,0.9994445147960606,surveyed,True
116977,True,0.9978511484966148,surveyed,True
117010,,0.23772787691534392,predicted,False
117105,,0.8210663380234527,predicted,True
118101,True,0.9976736173473453,surveyed,True
118114,,0.9974573534333332,predicted,True
119117,True,0.9988098274243237,surveyed,True
119122,True,0.996554048217537,surveyed,True
119781,,0.29460272029185,predicted,False
119816,,0.00217269718188522,predicted,False
120461,,0.0464862576527407,predicted,False
120871,True,0.8857237081337473,surveyed,True
120901,,0.05229670181751073,predicted,False
121046,,0.0017972106925609607,predicted,False
121701,,0.009848389896457454,predicted,False
121778,,0.07680656612669147,predicted,False
121876,,0.08750504877998166,predicted,False
122108,,0.0741260304707736,predicted,False
128268,,0.010712197125897662,predicted,False
279461,True,0.9733499370677262,surveyed,True
287100,,0.00852795809021531,predicted,False
298120,True,0.014047887295571776,surveyed,True
311110,,0.012930652591048556,predicted,False
382698,True,0.9860956843644855,surveyed,True
461226,True,0.9962049882083225,surveyed,True
466710,,0.09650157814402026,predicted,False
466866,,0.014791697647150359,predicted,False
469790,,0.005023579350418739,predicted,False
481791,,0.31048618848405657,predicted,False
508846,True,0.9979217686792574,surveyed,True
582662,,0.6351218922288774,predicted,True
611610,True,0.9981569985922187,surveyed,True
676510,,0.002169153370929467,predicted,False
677172,True,0.9992081710035958,surveyed,True
678103,True,0.9977810074716461,surveyed,True
681103,,0.04560752325010194,predicted,False
683654,,0.0058462163543304925,predicted,False
684461,,0.12085611416639337,predicted,False
688310,,0.03514550328874173,predicted,False
688411,,0.4550409519833255,predicted,False
689878,,0.0677128871734839,predicted,False
691171,True,0.7024295712047784,surveyed,True
697998,True,0.9988268254180466,surveyed,True
700484,,0.33540860441670933,predicted,False
708210,,0.9561365243796685,predicted,True
708499,,0.07307459511178377,predicted,False
710210,,0.2584086922844102,predicted,False
711910,True,0.9966295020034026,surveyed,True
716890,,0.14776757504511165,predicted,False
719010,,0.016993215594861673,predicted,False
725101,True,0.009144353066249682,surveyed,True
727576,,0.9991031519533506,predicted,True
738311,,0.04044966006888269,predicted,False
741169,,0.010318438751303931,predicted,False
747510,,0.013526925253581085,predicted,False
759747,True,0.9981569985922187,surveyed,True
761118,True,0.989079741248448,surveyed,True
771031,True,0.154752677243621,surveyed,True
771036,,0.36045589177287757,predicted,False
775840,,0.005860852980134701,predicted,False
781011,,0.07435349227888609,predicted,False
801001,,0.5747460254173373,predicted,True
801209,,0.026730999143700612,predicted,False
810510,True,0.9961685178717414,surveyed,True
812127,True,0.9569829511384396,surveyed,True
827183,,0.020621792346738353,predicted,False
828710,True,0.9985376553636235,surveyed,True
841087,True,0.9979801874844012,surveyed,True
841184,,0.3919915331292583,predicted,False
847111,True,0.9692054350876771,surveyed,True
847678,True,0.9917784292675373,surveyed,True
850210,,0.0039971074349687205,predicted,False
851017,True,0.9991241468244836,surveyed,True
851058,True,0.9988040360063005,surveyed,True
856765,,0.0013148421749067825,predicted,False
856810,True,0.9958262937939195,surveyed,True
859770,,0.1142458342275446,predicted,False
872117,True,0.09308645691663188,surveyed,True
879894,,0.9289208412109932,predicted,True
884673,,0.03790715281398216,predicted,False
887911,,0.041850130999121514,predicted,False
888888,,0.28171812727459017,predicted,False
897237,True,0.7990666675212023,surveyed,True
897410,,0.07342454313972097,predicted,False
901207,,0.9917362143439891,predicted,True
908510,True,0.9985363590424929,surveyed,True
966771,,0.022262407783441237,predicted,False
970807,,0.3884630102976014,predicted,False
971044,,0.0014623459174720958,predicted,False
984977,True,0.9956755076627081,surveyed,True
987611,,0.013337278777442218,predicted,False
991158,True,0.9947294703173204,surveyed,True
1001121,,0.5723897714604704,predicted,True
1001188,,0.9936717051155478,predicted,True
1006811,,0.9967553129258225,predicted,True
1007079,,0.15308675366935365,predicted,False
1009851,,0.24686598896539838,predicted,False
1011091,,0.022356474985437455,predicted,False
1017510,True,0.9976653364089809,surveyed,True
1020729,,0.23415652631092745,predicted,False
1038167,True,0.688045495080238,surveyed,True
1041141,,0.014046797006929094,predicted,False
1056907,,0.12936512917243218,predicted,False
1066796,True,0.9974612289096183,surveyed,True
1073767,,0.013758775746962309,predicted,False
1075697,,0.385804748518109,predicted,False
1079731,,0.07114528523808138,predicted,False
1088228,,0.04514127326397263,predicted,False
1090081,,0.16318663519482882,predicted,False
1101068,True,0.819395123174657,surveyed,True
1101186,,0.9990012456609402,predicted,True
1111228,,0.023399422580466785,predicted,False
1118211,True,0.996513062899256,surveyed,True
1121081,True,0.9952812812020102,surveyed,True
1141091,True,0.9993191392529489,surveyed,True
1141141,True,0.9994400560074767,surveyed,True
1151067,,0.07465586049282093,predicted,False
1197401,,0.012807845010186444,predicted,False
1199104,,0.31585745696750606,predicted,False
1214111,,0.10148574726753404,predicted,False
1218377,True,0.9987142873184344,surveyed,True
1223661,,0.010368575076179817,predicted,False
1228211,True,0.8338569982401287,surveyed,True
2887690,,0.06324625076987479,predicted,False
3699704,,0.91340427094517,predicted,True
4675977,,0.010177888999510117,predicted,False
5102111,,0.025702848376982036,predicted,False
6512274,True,0.9979801874844012,surveyed,True
6577811,,0.11469248285754234,predicted,False
6697809,True,0.9976700187952153,surveyed,True
7011879,,0.03181468916715073,predicted,False
7046666,True,0.7038654746753643,surveyed,True
7115691,True,0.9986096692473309,surveyed,True
7179878,,0.009525678267025954,predicted,False
7211375,,0.004682652369505481,predicted,False
7286748,True,0.9955806640401923,surveyed,True
7437311,,0.13915626309283607,predicted,False
7510211,True,0.010013970420762084,surveyed,True
7569701,,0.09519965344127936,predicted,False
7612088,,0.05202171476695013,predicted,False
7710311,True,0.9979801874844012,surveyed,True
7810010,True,0.997823909494433,surveyed,True
7811599,True,0.9971650799029237,surveyed,True
7846661,,0.05362193764528603,predicted,False
7873107,,0.35973104122615196,predicted,False
7873786,True,0.9988348066841215,surveyed,True
7878467,True,0.9988842941299712,surveyed,True
7906883,True,0.9987249805765253,surveyed,True
8061051,,0.7998813576543552,predicted,True
8079897,,0.029580465975631017,predicted,False
8111796,,0.27911896639483513,predicted,False
8112146,,0.022224314055830575,predicted,False
8272971,,0.7987661702904826,predicted,True
8312167,,0.03287739669888871,predicted,False
8410090,,0.02804850998911131,predicted,False
8478885,,0.02119909539894626,predicted,False
8566105,,0.22451400960635226,predicted,False
8611610,,0.15706733045316526,predicted,False
8611772,True,0.8084149028136864,surveyed,True
8673111,,0.007128843930142819,predicted,False
8701118,,0.060327944117535115,predicted,False
8877761,True,0.05248945713543996,surveyed,True
8910784,,0.04475142065918352,predicted,False
8910987,,0.009467332379340927,predicted,False
8971777,,0.019631198555816666,predicted,False
9011578,,0.3921605665990619,predicted,False
9115910,,0.002615823096930282,predicted,False
9711086,,0.9625594833410525,predicted,True
9812028,,0.6136036598238628,predicted,True
9816877,True,0.6469135276651019,surveyed,True
9970781,,0.053920985164879295,predicted,False
