Household_ID,summer_midday_ratio,winter_midday_ratio,midday_season_contrast,summer_midday_vs_night,sun_ratio_corr,sunny_vs_dull_ratio,summer_mean,winter_summer_ratio,Installation_HasPVSystem
100120,0.8437564938532677,0.664560972186349,1.269644967379563,0.9739469545587315,0.1593469601692262,1.2116291076217016,0.1082863160291439,3.326361242772001,False
103721,0.5920201384559599,0.9080407937488392,0.6519752664545053,0.3209401584781013,-0.3618554513743529,0.504312055753934,0.17660667122040075,1.8646277346337967,False
105714,0.9051529584543145,0.8071855413190133,1.121369142682132,0.5783095192662235,0.11429898456121462,1.1694832778231263,0.2299005009107468,2.1029027874223822,False
105807,0.7234268791138159,0.8558931588125611,0.8452303557578089,0.6777463055781932,0.2498826999407264,1.3774146986793814,0.1709289048269581,3.4160215674928716,False
105900,1.135594537503444,0.8661253617879678,1.3111202922856375,0.4110513852590232,0.1814049027436571,1.4493173491001285,0.20749533045977014,2.6255939986243995,False
106100,0.7241756693094105,0.6705713326608121,1.079938306392994,0.6869857463481872,0.08872479208285775,1.1675838862498578,0.1151325136612022,2.3088973222332343,False
107114,0.8730611015288092,0.804745025087807,1.0848915797069365,0.9138130691773348,0.06794041568033077,1.158776274511331,0.2216133310564663,1.8749533991773955,False
108511,1.030181156175166,0.7531669837246318,1.3677991447270004,1.5510700821921473,0.18554366114157816,1.622231169638292,0.23621709927140255,2.4062910860109348,False
108987,0.9218334767293596,0.7308520245759682,1.261313433816095,0.26492263741007843,0.021279714755457466,1.130837354177685,0.19729570810564664,2.3942828579244235,False
109711,0.13928228339727838,0.38900057486190964,0.35805161328289004,0.08529769307240474,-0.3784458163660531,0.017126741679818955,0.0999601548269581,2.714267445603605,True
111119,0.952600166639992,0.8603532378268401,1.1072198310616668,0.9305343477119555,0.09243431054799102,1.1846412584481132,0.11303386839708561,2.5168260698518736,False
112120,0.8395316039112929,0.9593739920250841,0.8750827215350885,1.300266092685628,-0.2541049889004599,0.6453672142141956,0.0844720514571949,3.177241522853662,True
112810,1.136416953741338,0.8297295032577752,1.3696234125451883,1.4071936518386339,-0.04333563659042043,1.0039845492609638,0.23189793943533696,1.547775620657151,True
114721,0.5759560919702252,0.7453203092828761,0.7727631795306802,0.4962639750516458,0.2095546608359931,1.292809569822446,0.15312619535519126,3.4807687923665127,False
116121,0.8987398616082288,0.8274738038223364,1.0861248506680143,0.8027904806732712,-0.06353145897384807,0.9288724009893023,0.6675486111111112,1.6634008623370906,False
118117,1.0502213054157374,0.8636810847117894,1.2159827556790788,0.23735593413588982,-0.03932855650878298,0.9119718169351826,0.1380109858834244,2.003710666198008,False
118708,0.8210397573717125,0.7249346597529086,1.1325707032018044,0.7945233499915902,0.10092148684161903,1.1102558468227426,0.12828944672131148,2.637316880821676,False
119498,1.008691194511947,0.8227659311183674,1.2259758898145618,1.5166055596263772,0.22800139457110397,1.2084884837604897,0.3221775387067395,1.9857436863850877,False
120701,0.46933616046620064,0.6905679926646443,0.6796378712184552,0.8610484682198214,-0.053416334831790355,0.8621980092269328,0.18968459699453552,1.8555880361497137,True
120741,0.7717910673817944,0.7139969623687223,1.080944469037147,0.7117269424027615,0.1445128855081649,1.5023202001340534,0.14772831284153004,3.2062908300818203,False
121728,0.7187784063041559,0.7033837950899823,1.0218865025347992,0.7150332777977312,0.02915272900614121,1.015167753812982,0.30187995218579233,1.399847225469224,False
121887,0.8932593839480644,0.5950328895960503,1.501193294633631,0.4143521702467101,-0.013864571218290225,0.9607072973066217,0.1762878529143898,2.047128730682786,False
122850,0.6831289097915377,0.5528781837915666,1.235586662339846,0.2738465941959312,0.2423568614728303,1.274418341578829,0.1323442053734062,2.376682128411159,False
122887,1.365771731833344,1.1920750991062796,1.1457094715402476,1.0525376115062706,0.1554930589689818,1.172317023913964,0.23366717896174866,1.572696994506811,False
190821,0.41278546324025106,0.7393785337697143,0.5582870537715889,0.5017720941954877,-0.18668919477128082,0.6728831300164427,0.08732525045537341,2.5005178498429674,True
310610,0.8705339829486576,0.5863369167315001,1.4846992541445232,1.0774010373294345,0.24796090692973122,1.390534967054045,0.11404297586520946,2.5188227239453984,False
461089,0.4972911737165008,0.7251292335958999,0.6857966148329793,0.8147144496353425,0.020833891793680812,0.9778220651675142,0.15216746357012753,2.133203970891901,False
461104,0.6300843137483452,0.694798785522516,0.9068586861079457,0.28461183308957966,0.06676494294460761,1.080076412966606,0.09878224485018725,2.808902263991099,False
461158,0.6959374576467282,0.7531867219441885,0.9239906086638335,0.7821795474683294,0.22016615238448675,1.2099386193615873,0.3039038592896175,2.250168969923864,False
468646,0.8458703398942548,0.7865465246354121,1.0754231484098682,0.7289792127040465,0.2029575365935221,1.3834625622254981,0.17614076730418943,2.56055510312769,False
468980,0.7581414822368353,0.7487922358924782,1.0124857682761812,1.2738300613874853,0.14982432122886805,1.2422757203859909,0.1124368169398907,4.69595622280624,False
477661,0.7420269344230088,0.761816415514409,0.9740232939480077,0.34571991060598767,0.06842191350160647,1.1322684940727943,0.18322745901639345,2.230826593709592,True
512280,0.7866190475064943,0.7076247114719746,1.111633094144209,0.8852713227971414,0.07988327757440633,1.0574693338982175,0.23680999544626596,1.6360034996091457,False
611629,0.5195895489278958,0.6541948908955263,0.794242749613392,1.0731448262455385,-0.00233147375213312,1.175135926519193,0.20125489526411655,1.9065010687017372,True
658466,1.0264211542650181,0.8624238991536292,1.1901585232880647,0.8701599774240739,-0.09436234254485826,0.9294242647851066,0.09700091074681237,1.862536673441754,False
661091,0.9548912508107991,0.7366924750507745,1.296187056539414,0.6329962727216373,0.014616311449605332,0.9991550933000813,0.18421180555555555,2.4078039788474905,False
669010,1.0564639115594552,0.9376279026019311,1.1267411183346319,0.7485173199380082,0.22331668892024778,1.1787996420002764,0.6114482012750455,1.5499082862794336,False
671781,0.9320906551913626,0.795189835590889,1.1721611789702335,0.5449354240041607,0.052316289544167435,1.0529728707594461,0.23110479280510018,1.551122296950664,False
679810,0.6699270762356374,0.24874344204226254,2.693245179592771,2.758071677244594,0.07531358727385411,1.305866688781178,0.12310336976320582,3.512889081687385,False
680861,0.6080049196264763,0.7924650109775585,0.7672325102107178,0.9266548824084277,0.04131690732493793,1.0287519958057185,0.20940334302325583,4.6841992975631905,False
706817,0.8070104462662209,0.6858424300130658,1.1766703413943735,0.5075228522002228,-0.12647581371571168,0.7288341279299356,0.2758054986338798,1.767093152060309,False
712718,0.9011787749418702,0.9635386885577224,0.9352803220499677,0.7028405065219181,0.054476267865344735,1.1133185331288982,0.13725620446265938,2.456099293287376,True
716869,0.7569725583608832,0.7264671858102333,1.041991397748581,1.3481062066135405,0.1191372147308573,1.2201232590427884,0.07905561247723134,3.9002671732242344,False
721074,0.6041641544148619,0.7122197277900716,0.8482833749768592,0.5233774961048001,-0.1827844420198451,0.6566463900446916,0.07690420081967214,2.0509267915622464,False
721077,0.6595945354902591,0.7510585619862056,0.8782198471260803,0.45846111213143825,0.2756998750076048,1.672209494301916,0.13716410519125682,3.365353159401711,False
728210,1.062973380284083,0.534205552556536,1.9898209129370412,0.5039393632589948,0.07205706121081254,6.142828047675959,0.014606500455373407,12.150561531279905,True
731201,0.6428078204841475,0.8541525207811166,0.7525679604578164,0.5417693477078722,-0.0405109914527619,0.9830068998671856,0.3952731082375479,2.1330443406231177,
751108,0.7009481037167746,0.6671175683269561,1.0507115042325463,0.3744760260298678,0.05229125495532963,1.107444058676554,0.23031597222222222,2.208308117083803,False
760117,1.6781211698901302,0.966718956077028,1.7358935183189041,3.077138299021241,0.1298755869830618,1.1099871751715171,0.22782673041894352,2.005598454210934,False
761079,0.6074688624994674,0.6895897382717462,0.8809134312553859,0.5854732605431302,-0.05302346267922884,0.9580447062907747,0.13698668032786884,3.4395619842513883,False
767371,0.836942317269914,0.7466972503910667,1.1208589784301246,1.301619850303489,0.18596489263994984,1.6772098662475607,0.08531841985428051,3.320587239188231,False
768113,0.9682952524156817,0.49623525395112217,1.9512826722928802,1.322327938726209,0.14162621886717122,1.2078879135625342,0.09518112477231329,2.5970505531961097,True
778721,1.024976229279669,1.1312877806206008,0.9060260765102478,1.681527528058244,0.08183770030671118,1.070816672928802,0.2768849043715847,1.720403438308515,False
781099,0.6001738865965004,0.7001756210040803,0.8571762120706612,1.3729484359862603,-0.07062116842141453,0.923423376464942,0.12761435564663023,3.0850825520417136,False
788488,0.8076285471964777,0.8357838003021394,0.9663127556486696,0.7800945756936061,0.04799185216673877,1.2534071941678067,0.08241103927203065,4.525321520928838,False
796869,0.630370874085808,0.6003861021917472,1.049942481654055,0.6756320256839731,-0.04591242056208822,1.0374006264506395,0.09134966985428052,2.621779858338189,False
801031,0.7635076835823664,0.707602753945822,1.0790060939203536,0.7701943342757037,-0.12474554496425996,0.7955385792671609,0.13559836065573772,3.4596719906604965,False
808112,0.7830375754456576,0.8476505732356782,0.923774017466445,0.7825228517162077,0.02033241569251192,0.9968844761303479,0.21124567395264116,1.7253882158409226,False
811080,0.754404026259996,0.8428837382570137,0.8950273828037263,0.7522881205472632,0.11124762672081678,1.6350070575441018,0.18030134335154824,3.0309609098730683,False
816910,0.9050900731029264,0.7418863847652194,1.2199847465718827,0.9859198059295821,0.08839301771384116,1.1699635167091464,0.2188618510928962,2.685342837838523,False
821088,0.7765145264429264,0.7492948798338959,1.0363270153601805,1.1193384081732614,0.1366378021387852,1.208301516409292,0.15990989298724956,2.215732844428005,False
823761,0.8299414020034314,0.7749458269330456,1.0709669929936114,0.37101644160616826,0.11750212390417031,1.3648866817140646,0.1429022654826958,2.0118794119828287,False
826780,0.5710360249597806,0.7317311430525547,0.780390489569155,0.626721641399992,-0.11963605007740068,0.16060554671767088,0.02130714936247723,9.02012253272239,True
858577,0.5923180385616876,0.6781416018834631,0.873443004995697,0.3120927175038938,0.03581146960723415,0.9931252431504544,0.14848713570127503,2.7704959451654507,False
861116,0.869688077165003,4.363766895399494,0.19929755599041565,2.893372296122757,0.02598044387143671,1.0385735709585104,0.07413365209471767,4.421267939292303,True
868122,0.4681915733247369,0.6465102399683894,0.724182765222139,0.8933488902396776,-0.07812073107832378,0.921777078659536,0.11314594717668487,3.2393432986803687,False
876790,0.8380810982993593,0.6304350419242771,1.3293694711849837,1.043230356335954,0.04706793782132009,1.0526107887522729,0.298960951730419,1.7972451563958185,False
881223,0.8125260570014291,0.766555055035714,1.059970907064951,0.40173795681022545,0.055405817828709035,1.0847490190031095,0.162709927140255,4.758109689101229,False
971071,0.8919444145742693,0.8070695400685132,1.1051642644059532,0.7311420614749798,0.14639214934271774,1.1233003937085857,0.20678625910746812,2.2336612202349366,False
991118,0.7544411012276523,0.7728218526774531,0.9762160562798264,0.4171206816318357,0.160465158916216,1.2470299952410775,0.2786790755919854,2.79777519801029,False
1015877,0.25395203867552857,0.616983585745456,0.41160258480571565,0.1273966954452072,-0.5080405467721082,0.0314600401053439,0.09990681921675774,4.158731998459541,True
1019970,0.9009512589454688,0.7268161235768469,1.2395862305746035,0.8429137193629428,-0.04458349737928298,0.9654671179939031,0.14241604052823317,1.605931876320722,False
1037311,0.659483699089635,0.7617166020989001,0.8657861693869299,0.9112576317732815,0.12564552055442463,1.1189783416653143,0.07538849043715848,2.1922376479897125,False
1037610,0.7845641142230508,0.9720809125145391,0.8070975410818144,0.8533265361947368,-0.12342682694056432,0.8608078365836674,0.4971732126593807,1.2487071933864153,False
1071058,0.9691429023728425,0.6979041061712059,1.3886476577558606,1.5643390157136066,0.05922565523116751,1.1081664128444884,0.24618932149362477,1.7980600935849587,False
1081057,0.9540247800960778,0.8445038645857735,1.1296866954706288,1.1783327978387876,0.09441982508607685,1.0639012034541238,0.17751354735883423,1.4788278389419411,False
1091217,0.8634521560816927,0.7227408340515814,1.1946912577795055,0.8059045319185966,-0.0593179324145498,0.8660234306065997,0.11338200136612021,2.647080067483682,False
1101758,0.6982998637521474,0.7097028446804361,0.9839327388726711,1.056206797191035,0.0305905055300873,1.040717021451731,0.09908902550091074,2.4016237868381207,False
1111201,0.31135531347769546,0.536528159956379,0.5803149521602172,0.23285668283919553,-0.07800277278850576,0.5860018276533417,0.41946801001821493,2.5639955271612247,True
1137376,1.0051230275099685,1.0797464841650974,0.9308879836614325,0.892039316931718,0.09482792866966659,1.1307917577898572,0.28314338570127506,2.33532618678096,False
1141047,0.7717603241072223,0.41889966635152226,1.8423512504294879,0.7891439901046388,-0.0023577170886931328,0.9580696808132757,0.07016598360655737,3.0220261629568355,True
1148611,0.20647752097972402,0.2570568919760258,0.8032366663757101,0.26517410818201653,-0.06209210756680939,0.5613314868893337,0.24291604052823315,2.3149337730437725,True
1171127,0.20117288921601562,0.5166084972814515,0.38941072451314207,0.22289681623377464,-0.46037318618000034,0.14129384578813967,0.10410405282331513,3.5393036407520513,True
1191021,0.8270529418421743,0.7622044751023802,1.0850801443157148,0.5916010883929959,-0.11216311494689808,0.8364526402022036,0.3120743963068182,3.0191865929526367,False
1211151,0.17455078223674242,0.5610021163729935,0.3111410405458949,0.16713964553406407,-0.46080159048357566,0.02939228340070982,0.1608556466302368,2.8761399606822255,True
1228011,0.8675653581512451,0.6790084005606909,1.2776945873347862,0.3677455016420325,-0.173996961583796,0.769647092645853,0.16691666666666669,1.8543596170370291,False
2794690,0.9633846936215456,0.8574309260644891,1.1235711989575325,1.1789059721266586,0.08662567354263825,1.0737291149948551,0.12332519353369764,2.767137719442009,False
4710670,0.07848716938755347,0.36554417714384396,0.21471322563748094,0.0368167486714417,-0.09902481170232183,0.00616301749450659,0.10639554872495448,4.795251854942399,True
5769106,0.7710348846203752,0.8453739175076164,0.9120637254737973,2.042403377935577,0.004329226131184713,0.9595040876179696,0.18622466985428052,1.759032165269446,False
5831058,0.8299990563032204,0.9292125889892627,0.8932283808229929,1.1337316284640253,0.05139122328196912,1.1151734494079024,0.12080977470930232,3.150011289324165,False
5845834,0.39170763865055575,0.5058021381213206,0.7744285939665237,0.5709669916433877,-0.001045843208237994,0.9330048017254569,0.23246835154826961,1.575936101302402,False
6569121,0.8660720820212253,0.7233075804978613,1.1973773058276225,0.3621702759918962,0.1396757565566355,1.4806245105371498,0.21163524590163935,1.9087857458804252,
6773102,0.7403242258938793,0.8321046819997542,0.8897008296055927,0.8334486545222679,-0.2015638262952409,0.8384254790961021,0.2846884107468124,1.9028994434520117,False
6808461,0.8814028621384601,0.8338758953509429,1.0569952519943213,1.6754840188615783,0.15079154268052214,1.2730361723494599,0.1011155510018215,2.2710295939150056,False
6901131,0.9722373500255882,0.7951306503904809,1.2227391178394795,0.8475934410996798,0.1937498793523861,1.3209389993588287,0.19228534836065572,2.710655026373267,False
6981151,0.6564010142787085,0.8243161478534619,0.7962976535010162,0.422475903129042,0.05688224804948814,1.0783587641842731,0.31439196265938063,2.9813302358108764,False
7048688,0.15412721454257533,0.4926061096112859,0.31288124839579573,0.05236916379095633,-0.16618461532271495,0.16579317671399868,0.02084818989071038,9.037527994562147,True
7069411,0.7993713560613128,0.8284160091603977,0.9649395318560758,0.8480710750453814,0.155675202707809,1.198853340519902,0.192067793715847,2.4439966932486215,False
7086681,1.0887013800979812,0.8382035704105681,1.2988508025141368,0.6400612302411668,0.07203546523577195,1.2742529298198793,0.1798318533697632,2.1981039968124025,False
7099511,0.5969337063022576,0.7671093344823505,0.7781598782200606,0.7008824145254404,-0.1216970573671145,0.9098873046129154,0.16884303160919542,2.045130433385074,False
7146661,0.6791753274482579,0.8616033154996715,0.7882691665994603,1.2947741042531253,0.12347925995411765,1.1135802533225294,0.14182890193370165,2.387365552371932,False
7211010,0.19389792470727993,0.6462853023680623,0.30001908444585706,0.23527473103648014,-0.5426798751157443,0.12290843939747238,0.23277476092896177,1.9549690804164883,True
7211189,0.9023474374192166,0.8207731497415829,1.0993871299314764,0.8547113625598846,0.04342328008775988,1.0131854961411932,0.30871413934426234,1.7593338516380426,False
7374981,0.4664050143518248,0.4250024343250063,1.0974172773682451,0.162710617470649,-0.029184749579616257,0.5315321970699926,0.05390465619307831,8.625379736888164,True
7411010,0.838986086380074,0.6827548851508598,1.2288247285036908,1.2671605527424903,0.2709335749636912,1.347594226399399,0.1501256830601093,2.333040451466139,False
7411491,1.1673456086035523,0.8687480536915367,1.3437101857589169,2.3756691458619548,0.004671908184043874,1.0312073347518826,0.13009187158469945,2.374039049053854,False
7412010,0.7648277858063801,0.6371173172561163,1.2004504744907525,0.7729277054583629,0.09935442266311806,1.2242116174159434,0.23651690573770495,1.9284182984254798,
7474976,0.8863168755948634,0.8113385429684952,1.0924131280045446,1.2306103713378658,-0.04723912061177096,0.9558228745323453,0.16458811475409835,2.3596068795336715,True
7679818,0.21854164345600596,0.41219263200538975,0.5301929886343731,0.10018368303365101,-0.44649056698367895,0.023769784239092148,0.021242543260473586,14.84730683872444,True
7710511,1.3515280306562818,0.9973374579375162,1.3551361376230953,1.4508415256711218,0.11134047735573271,1.1394324536142049,0.3143682832422587,2.832516124428225,False
7771161,0.8567122715026045,0.8037577294212354,1.0658837111519914,0.9014466046699138,0.1740997984729694,1.237060516970556,0.4278085714285714,2.2515381612073724,False
7984107,1.118472468572204,0.8000019763405093,1.3980871318449624,1.6152902057337897,-0.10666547079880072,0.7808342611252089,0.19886374521072794,2.458249955008465,False
8010411,0.8332067018248005,0.7404999989866207,1.125194737292437,0.7056836939267263,0.04397136957383988,1.2136142039492226,0.1216949567395264,4.270415807006322,False
8190108,0.8263293266417383,0.7317432133416798,1.129261346843394,0.5178172023358834,0.09614303116036742,1.0937189302745605,0.28748690801457194,1.840152315804484,False
8280779,0.8211899331812907,0.8431948775922893,0.9739028960021284,0.8339150691504592,0.0040369995675426755,0.9482348653894959,0.22336930783242256,3.8276087133615375,False
8399121,1.12632321101704,0.8565596025290397,1.3149385141343444,0.5567757850578237,-0.05226733308776158,0.9757835809791663,0.1768963122605364,2.333155637203949,False
8612210,0.22597181342989855,0.4071202153755177,0.5550493561747302,0.12234532380377754,-0.11908517983765692,0.026391762514335625,0.09435837887067396,4.562480037355199,True
8773113,0.6543064466770746,0.7948851394796986,0.8231459039545745,0.32991477964145277,-0.16672152007594704,0.7877424430337051,0.15518140938069216,2.5845202309332413,False
9097838,0.8598752386352917,0.5581552181401577,1.540566513917943,1.032296148276762,-0.028607783304738097,0.9680915940151926,0.15941108834244078,2.1067454001447508,True
9776611,0.9947865832883417,0.8678707090587908,1.1462382275433534,1.7059122802917397,-0.12163189673607881,0.9034752992942955,0.18534653916211294,1.6583758289260413,False
9889190,0.9439088365148306,0.8653710684982494,1.090756174865973,1.1870679842548344,-0.003756514151611954,1.0422295407668902,0.11629650500910747,2.4460791032197786,False
9981041,0.2659467980802992,0.5876962791357322,0.45252421620126865,0.28246162253894574,-0.4038545555589143,0.3267417205439906,0.17780868624772317,2.6627271620403254,True
10266,0.4456262835999072,0.5074047889878363,0.8782461129088593,0.28172723040118186,-0.06874233786452989,0.5446706808432291,0.09131352459016392,6.100224501245484,
102106,1.0982379066523433,0.7270549453750895,1.5105294498557595,0.7129582672425407,0.09508610509413931,1.1319206517638511,0.2878071493624772,2.1363495145091322,
102119,0.03767162727610079,0.37541631641165396,0.10034627060479931,0.01641219143096835,-0.15010487217863866,0.020981778937896187,0.056233891165755924,5.102713515985076,True
103119,0.80017315412812,0.6514897351736919,1.2282206624710488,0.5894992338967566,-0.37169984915191184,0.3691017432659246,0.13652123178506376,4.473647443722087,
103724,0.28673266281647236,0.6450542166485929,0.444509400010133,0.20663277694007434,-0.33470793716333536,0.08920193819201076,0.08270474726775957,5.091025925132017,True
103991,1.047060221426974,0.9300866106062362,1.1257663635696182,0.7698121410173746,0.021903395205167053,1.089058617629746,0.08409545765027322,3.691614222725334,
105113,0.7498767102863761,0.8553091205132907,0.8767318064331617,0.3100485366300868,,,0.25372642543859647,1.6611252519285635,
105461,0.15002815452201285,0.4582857806828736,0.32736812016829714,0.0943144984609458,-0.24046282849453823,0.028746586152246605,0.1958279257741348,3.7238444472896663,True
105697,0.8703641944160742,0.8711412240559231,0.9991080325228656,1.2208893748009881,0.2739422728609417,1.145792449165512,0.7145981329690347,1.4704067587627458,
106102,0.3640854287799844,0.6099500404787027,0.5969102461149799,0.31201362184636416,-0.6492494870231823,0.007041111547399914,0.04401320582877959,8.409610742996671,True
106109,1.294450971686384,0.9721046565500541,1.3315963080357203,0.4533260126460837,-0.10616636490916234,0.7309996423255801,0.11123816029143897,3.0388441336441074,
106310,0.6477563779399523,0.6882246267104275,0.9411990690250288,0.3225916136463186,0.1916489838244144,1.1934024546344109,0.19802732240437157,2.1275147261782017,
106691,0.9009673608675479,0.7670391417058152,1.1746041523564108,1.378777216585261,0.09133872897228938,1.3306388023784956,0.12357610428051002,1.7113875564712397,
106791,0.27243625817281053,0.41866538890314886,0.6507255325943221,0.1261010359089973,,,0.31606733630952377,1.1918676482520993,True
108100,1.0161158799128618,0.9589594817103433,1.0596025163655276,1.4076236732243719,0.20707413543015024,1.3379989409071262,0.15435376821493624,1.889619274056395,
108757,0.10192220846204472,0.848749103667059,0.12008520306140553,0.10555015970959024,-0.39546099494825865,0.08024348870374984,0.11184733606557377,3.250530780667234,
108798,0.09905019310948505,0.29446599882410723,0.336372258613975,0.03341127570984717,-0.24372321099534006,0.06864899555033614,0.027461634790528235,7.523428824898833,True
108927,0.8503838990369654,0.7221566680867287,1.1775615134731914,0.5725631536987561,-0.11272179963858764,0.8196083731995264,0.1479192850637523,2.46475037149252,
109107,0.9390652401225288,0.8366955131517688,1.1223500369747903,1.4777955851368354,0.12935727297142993,1.1544705815965768,0.2237406079234973,2.0036716859271326,
109111,0.6414653408931238,0.6441395165864744,0.9958484526651586,0.3350243109452648,0.24914132396989366,1.3308266638489425,0.16313211520947174,2.742762269524223,
109879,0.8930516038883701,0.612815447169637,1.4572929060666437,1.4457422756612468,-0.0716019295815318,0.8571598487984182,0.2840885701275046,2.086276674348166,True
110411,0.7596705742461598,1.0102471835707807,0.7519650503365498,0.7577573605808009,0.06307034034895369,1.1599080144173881,0.2781408242258652,1.9879538503127823,
110766,0.7660173475397954,0.6591791640894441,1.1620776099589436,1.0255927789783967,-0.030740942832184606,0.9179699414877842,0.06012989526411658,4.729823136927897,
111387,0.9115880711183343,0.8715772005646164,1.0459062840650242,1.3462195835196096,0.02114595391412557,1.0445092470653512,0.12841473132969033,3.323831032685682,
111651,0.8697416258856762,0.7018621136660365,1.2391915861404097,0.30457379802129103,0.13496480843973163,1.2662447487123443,0.1927941712204007,2.284183146847228,
112110,0.8120382574989038,0.6087541263050988,1.3339347076424117,1.1372051169497925,-0.21277409239137537,0.6700806831537091,0.20079627732240438,2.0449972476720975,True
112122,0.4145353513277462,0.5676238025746567,0.730299450881862,0.5241844288145838,0.008383870827971368,1.1473731865435122,0.3252650842440801,2.712473398035968,True
113116,0.26739787712453533,0.6175637598222152,0.43298829128431054,0.2970889179230463,-0.2235047816608769,0.4837255677551105,0.11460661429872496,2.913953399433498,True
113817,0.8070912152273629,0.8077056828125017,0.9992392432067593,0.7396483559580038,0.13434530891401042,1.3059126377137489,0.10373998178506375,3.198786848252162,
113987,0.7015358055672156,0.7879887337533623,0.890286593598423,0.18950160539427827,0.12482505270039218,1.2288724345713287,0.11980208333333334,0.9607759632850619,
114104,0.7531408778260266,0.7235030648897579,1.040964322577935,0.8286972590249114,0.08506488300274836,1.0995082589139862,0.17725256147540983,1.990982508188929,
114119,1.0340578484070522,0.8577318144336536,1.2055724540074613,1.0367139838723662,0.40453517458008165,1.6190853478133387,0.2353028802367942,1.454351193936846,
114810,0.28203172053804454,0.5566479084878377,0.5066608824673356,0.3376314366400288,-0.2602400615525758,0.025405513805601704,0.07475096766848816,4.102909141345053,
116117,0.14865268833726794,0.47389632446622165,0.31368187652585094,0.08360621735605235,-0.20969115934202467,0.0010534988786519374,0.050272370218579235,4.882397371387626,True
116310,0.1103075664695901,0.43494687344933614,0.2536115861571748,0.09433996429472852,-0.3093704951229187,0.0017286778162243475,0.054034606481481486,5.175120325408742,True
116977,0.11271799234368354,0.3686012757220187,0.30579924641576667,0.12419934385252304,-0.3651263360176904,0.10607012037313697,0.037093237704918035,3.9601400467745402,True
117010,0.8510781944344592,0.8430191384364065,1.0095597544950168,1.2417961513071498,0.14838201903057882,1.299186837841135,0.1876461179417122,2.64564045578572,
117105,0.46798824385747345,0.8642113131384146,0.5415206174031179,0.4330372326323146,0.024162633535877408,0.8901152920964679,0.1350367714025501,2.0109103375973705,
118101,0.07912215589352353,0.3954419009469012,0.20008541255760307,0.02680061542335003,-0.33022823500557225,0.09993089155365086,0.06759454690346084,3.380460689279076,True
118114,0.27711849099941704,0.48768478993341197,0.5682327944598283,0.21885578557894267,-0.2169300867792908,0.18130901540845132,0.35836025728597454,1.6970527217662033,
119117,0.1656564370533765,0.5125357470509043,0.32320952832373606,0.04125217335125155,-0.3067392423627388,0.1244553276980499,0.10435712659380693,2.952672716598893,True
119122,0.5049932193556277,0.4470492715444393,1.1296142315834832,0.22102471128861298,-0.3950157547571039,0.09885815744596674,0.11969404599271402,3.481776145949883,True
119781,0.5103305235023187,0.6443591159445978,0.7919970570358115,0.5128869983736399,0.03898803556513337,1.0740528595582393,0.2866937044626594,2.568112768358482,
119816,0.6834300430749595,0.8399461410654496,0.813659364168334,0.7223512284538866,-0.1283394431050883,0.8971297540530203,0.20665898224043716,3.457801175742381,
120461,0.8848832042588357,0.896167310224832,0.9874084829503932,1.0988573982473444,0.09007991002752945,1.229796633016843,0.16425893670309655,3.5532585938567505,
120871,0.627811350733378,0.571911857568539,1.0977414481358956,1.0073117799647902,-0.131026217293235,0.6373752189016125,0.2136349043715847,2.0424116990059185,True
120901,0.8984400668143224,0.9428726934398187,0.952875264142611,0.5685317569182028,0.08036223559898109,1.0575107911582005,0.11589737021857924,2.206644479983594,
121046,0.7928354325561591,0.676046162150587,1.1727533960610779,0.5762637547896136,0.203630304285448,1.1879436433817085,0.1973686247723133,2.359724680742154,
121701,0.8823653711836918,0.7685230852343243,1.1481312508844894,0.9111304318594726,0.12902446764415218,1.1084723107806662,0.17084596994535517,2.703519946511341,
121778,0.8942596134577326,0.7690158180398987,1.1628624437622894,1.4827534563242262,0.13508774325347475,1.1165313784348239,0.36399601548269583,2.0612044189090817,
121876,0.7715034679708862,0.7901887239255565,0.9763534262272887,1.1850850744998314,-0.04794648143493237,0.9140036569690564,0.17084141621129326,2.542234950436253,
122108,1.008446039567154,0.962363778370656,1.0478844510072045,0.9853004050754874,-0.015322280357748672,0.9728375606560662,0.24143368624772316,1.5336545213187438,
128268,0.7818137804626685,0.6777040696407739,1.1536211976373099,0.46753969602107087,0.11380016186225997,1.106808881478952,0.20725899362477232,2.1812606364972074,
279461,0.5506648573382786,0.8985270387577005,0.6128528509276977,0.5782866410710321,-0.6902467229772479,0.22368417763711604,0.18213211520947178,2.667811396656927,True
287100,0.817848525416491,0.9090791165931044,0.899645047926618,1.5484310021904066,-0.01699921851466417,1.0008815283269794,0.25347666211293257,2.4199251825,
298120,1.0076416051070127,0.8385085895850576,1.2017069564017846,1.322362386989408,0.15660893090345646,1.3025888521053117,0.28609813296903464,1.5613017506876292,True
311110,0.9088171282006718,0.893627531147934,1.0169976825056246,0.9253746253107166,-0.06946393748022636,0.9086695401932374,0.2622114071038251,2.3996438950439347,
382698,0.43953555349766077,0.7136346408707858,0.6159111796497632,0.12666342832220534,-0.23825681200874124,0.06122605172514496,0.31371869307832423,3.59860261322809,True
461226,0.9541527593696438,0.4471406223198406,2.1338986254913257,1.6433061643999334,-0.11549416712834461,0.17988943449145015,0.008471425318761385,30.008317753344066,True
466710,0.9698886300934573,0.8786747411840753,1.103808479559188,1.3402691485149036,0.15917314785762696,1.211764389918929,0.2041080373406193,2.384766451836007,
466866,0.8927380700081033,0.8445058900625836,1.0571128994043433,0.7777234701407195,0.10488422589770266,1.12382002571008,0.11330265255009106,1.062435599102427,
469790,1.0282110297596319,0.6936698796663805,1.482277175209263,0.333254281962926,-0.06477698917535014,0.9011379659273547,0.22381938752276867,2.033800944014942,
481791,0.43393886830898837,0.36653013302050963,1.1839104870668486,0.19173114954065246,0.0972635366334301,1.4122304948491973,0.22049120370370373,2.0053726114590997,
508846,0.34301185132503675,0.6249416067319918,0.5488702426435474,0.4542887652889422,-0.3927919075323091,0.07545994687641537,0.06046317167577414,4.522526345696725,True
582662,0.5436972279031639,0.8683260819099109,0.6261440710237386,0.275005583601932,0.014992428490755228,1.047443225083174,0.10264412568306013,3.420562960695454,
611610,0.11584447401472525,0.4292749392942392,0.269860789463234,0.058327847025416095,-0.08322862974738716,0.11428360315030445,0.090722279143898,5.348071897227949,True
676510,0.832525641328258,0.801728648140757,1.0384132377693134,1.1576825901739174,0.22614003901045812,1.405393169367467,0.11439583333333334,3.5256907716647037,
677172,0.16605565968504113,0.6177056162888469,0.26882653371795057,0.18310815949157377,-0.32132757929676925,0.15191358736425925,0.042173992673992675,3.45361604493276,True
678103,0.05091873841376916,0.3239546970124263,0.15717857738551638,0.007199041547722938,-0.04386921667406633,0.22885857698245776,0.010050375683060109,20.373686084793952,True
681103,0.8521326336416544,0.7196685130969732,1.1840626873817834,0.40729888293713434,-0.011934930145144643,0.9918174882686918,0.15819114298724954,1.1752596959120505,
683654,0.946646937376204,0.8602418670839028,1.1004427633651475,1.1092787056093867,0.03862674369626492,1.0944757076052745,0.3479570810564663,1.76203775266283,
684461,1.047837475061126,1.103071383557955,0.9499271676156875,1.454313194713464,0.14827848721326226,1.07968299024361,0.1781157217668488,0.9675827226354052,
688310,0.9210821990784427,0.7507730787859969,1.2268450016452859,1.6142464447265414,0.13939027455121727,1.3684618327461988,0.1387973019125683,2.2632271252072473,
688411,0.7922464013954247,1.082764875447442,0.7316883095861755,2.5415302132128397,-0.019284363310173417,1.0071313762077605,0.04761264799635702,1.427287054166213,
689878,0.9549423747364049,0.912306016713659,1.0467347109869254,1.81389567845047,0.04057463558611177,1.0691158516010868,0.14777259790528233,2.771164151237419,
691171,0.24535893807265768,0.6687305297088847,0.3669025521826686,0.3288508727283012,0.03517163182118803,2.8069890216442563,0.14962004781420765,3.5791092196740895,True
697998,0.14644935903034825,0.4074359964645879,0.3594413853982507,0.15532668357043844,-0.3338592807903769,0.08598267118886244,0.08915374544626595,3.9583061339022856,True
700484,0.9199323984778833,0.5371902302620435,1.7124890711976215,0.3437223842959776,0.1326572248493809,1.498863590942657,0.19077185792349727,2.1666806598753934,
708210,0.5746466821710173,0.7238551948652409,0.7938696665401407,0.8281587874470364,-0.15803696444757762,0.6946193123023576,0.20786395719489983,2.2997486933117397,
708499,0.7801201042155474,0.8516971477371178,0.9159595124725449,0.9376356872377334,-0.11068786484259209,0.7385321715399384,0.15501054936305736,2.647918402765175,
710210,0.7640894520738861,0.7710740971411421,0.9909416681313088,1.1274297244738667,-0.012843839204211217,0.9693771706375948,0.04913473360655738,4.896633684700746,
711910,0.17999473844766853,0.6175740674049072,0.2914544958210762,0.07093580355115686,-0.4697024055843183,0.09502202461172173,0.1569218465391621,2.754070018712225,True
716890,0.541606664881944,0.621549429470474,0.8713814850467535,1.0163386568056705,0.017500273679213415,0.9449255862919704,0.13782268897996358,2.288565944349927,
719010,0.9775050685686554,0.7529497485956448,1.2982341389871466,0.45045242750799164,-0.05568335964146422,0.8978456511923064,0.1842377049180328,2.0968867886316036,
725101,0.8537953482126943,0.74264502279723,1.1496681752431437,1.6219182901622766,0.24672412597550183,1.3715170656051947,0.08386185109289616,2.9834321788052014,True
727576,0.30979570713916066,0.5569953830445659,0.5561907990077065,0.22416028159118997,-0.05273428901043909,0.7003178178863891,0.13365209471766848,2.731100936967632,
738311,0.7180333810101116,0.7077585764240866,1.0145173861939447,1.0994638979213642,-0.061181628080885744,0.9480107970446205,0.19116888661202186,1.8668641335594696,
741169,0.7936209247780323,0.7801064042327194,1.0173239451336196,0.7621621282082959,0.03775047809178337,1.0417914183624593,0.2130803164845173,1.7618854771442196,
747510,0.6363746240119199,0.7008611262815297,0.9079896147019201,0.8926006732203259,0.026486052343669773,1.0853933526450217,0.20996135018214937,2.6387168722986174,
759747,0.21801594293115706,0.43338239945971063,0.5030567535805637,0.16183496393335464,-0.1584693573902862,0.09537090998505646,0.0858932457537155,3.8862503236484076,True
761118,1.255478400666695,0.5821102673498827,2.15677075476162,0.9144472080378027,-0.03791065037362496,0.5791620314293089,0.17366268214936248,2.824337359433023,True
771031,0.8086678487119824,0.7521617754238895,1.0751248935194138,0.4337626765288074,0.006317503308443704,1.0139291093496765,0.1471545423497268,2.134574378364205,True
771036,1.007765432151182,0.5844658543934605,1.7242503126157949,1.100968496048091,0.007706948214316258,1.0274600747445104,0.11127373633879781,3.461053568582442,
775840,0.8330068940378303,0.6388438943919024,1.3039287083282627,1.1568629117935325,0.1821768497835021,1.8173133717922747,0.2273428392531876,2.295378022741036,
781011,0.7356315655784547,0.6790751229871307,1.0832845154782615,1.7798127633988556,-0.1330429032786032,0.7259297170693909,0.11153864981785064,3.229865335311322,
801001,0.9294107258166888,0.5486717473021541,1.6939285290096437,2.053211286023236,0.08150564958555921,1.0684885941469142,0.30067201730418947,1.4416078063047122,
801209,0.7721469837166246,0.785272153199488,0.9832858335426939,0.940791277661503,-0.05810470181575576,0.8299743386418279,0.40689885018214933,1.7769362205496388,
810510,,0.5781488325307275,,,,,,,True
812127,1.75487714072971,0.55647270803057,3.153572700699825,0.5879264393463873,0.06294494469460424,57.81619159214977,0.03377197176684882,7.515616163101851,True
827183,0.7246734265870775,0.8049708040173393,0.9002480872231333,0.25216882491127723,0.1178860894259043,1.0834674588828725,0.19755043260473587,2.243875406454611,
828710,0.1160440611570968,0.49071892542435386,0.2364776558327083,0.06082227763826401,-0.27259034644636476,0.017280336671173447,0.08664059653916212,3.0375355788191833,True
841087,0.18448453075989107,0.46198700640060836,0.3993283971279417,0.14567531297023656,-0.4426726284607191,0.010220557127367162,0.05606676912568306,6.5022874634129995,True
841184,0.3979358078574431,0.39405169212578744,1.0098568685511844,0.32603664915787983,0.16860874889703556,2.5756533802329957,0.23395326730418942,3.234779066091387,
847111,0.466316639137303,0.6225430962905544,0.7490511772050282,0.5504393007822306,-0.21705944510538466,0.6585449456875366,0.17613012200736647,1.8792541807627094,True
847678,0.1703102510772817,0.36893026061534573,0.4616326424219527,0.04271297192292079,-0.40333947291901334,0.08339696162822195,0.1572321835154827,3.179611230827046,True
850210,0.93539519074444,0.8297523063802803,1.127318578751552,1.1205058860671224,0.12041319840461985,1.153832723446867,0.24456893214936246,1.9945773380649547,
851017,0.13162750814611554,0.5082190324299942,0.25899759699425834,0.06340531171410489,-0.2509050598217346,0.06813353049373669,0.38052971311475414,2.336019275924168,True
851058,0.23948912851761733,0.5686100055397668,0.4211834582303498,0.17908247333275512,-0.3190300641397948,0.04447982762200964,0.08336384335154827,7.824340282798213,True
856765,0.7689591540277699,0.6589467139680736,1.1669519518463318,0.615039109000632,0.26021884247020394,1.6329934020667694,0.15278904826958106,2.4828678580251937,
856810,0.050301781402698816,0.3138515745299962,0.16027251568843492,0.012877528427186556,-0.2627581946873478,0.017533369426253904,0.05187135701275046,2.2095478410134217,True
859770,0.7199240947291469,0.7440863185540159,0.9675276601351528,1.2245646369378984,-0.060323589728090064,0.9076211893097325,0.1997036088342441,3.1042992722692966,
872117,0.585244832947967,0.7281760336738137,0.8037133960524268,0.728636576414041,-0.26391633495802386,0.38428083620352466,0.429523679417122,1.8936746840537722,True
879894,0.5895589697493945,0.5965482751896934,0.9882837555132039,0.4395069774486473,-0.004966122363548555,0.6073326643488028,0.11210866347905282,2.765066890416186,
884673,1.0856155853268485,1.179064852066167,0.9207428950362144,1.607940669751675,-0.1874845401016923,0.8844846437037541,0.444676400273224,1.3228038880417137,
887911,0.7220701477563508,0.5902694193320797,1.223289101734951,0.7278511576354089,-0.07015160176400277,0.9290754448011356,0.3095207194899818,1.9655361058294358,
888888,1.4398049595894489,1.2931985047071788,1.1133673247754539,2.008980999380818,-0.11032247066669376,0.7243954343299754,0.09104337431693989,2.650261626924051,
897237,0.5079732138555667,0.7413218866476348,0.6852262465265869,0.7573923934799401,-0.08974651257947586,0.501477180386524,0.25362078779599273,3.100559733096243,True
897410,0.8375042268176568,0.7535161590074381,1.1114615351060968,0.9650035544426759,-0.0011680864134874652,1.0207543541553772,0.12772575136612022,3.283581965723627,
901207,0.8813652157174954,0.5194569525914366,1.6967050134194794,2.1929676177952597,0.0037663410366981886,1.019895748433985,0.06337232468123861,3.972331767728311,
908510,0.4350794268444322,0.5479145929762947,0.7940643166320187,0.760938355815052,-0.15567828579742318,0.4304487329033255,0.23054365892531878,2.4548980025678704,True
966771,0.8635676198784589,0.6822423579533635,1.2657783701220884,0.3601722983684425,0.2151710383028394,1.3116730845902056,0.21368937841530053,2.966575128531072,
970807,0.4726818889543333,0.5484549335225477,0.8618427149856255,0.8413254828365136,0.03732532005394725,1.0883756787296166,0.1755871470856102,2.4436444640353194,
971044,0.8072361568619555,0.8134282115436542,0.992387706015325,0.9656699528412983,0.1216585169588859,1.1268969613202178,0.25026330037664785,2.5648131906657787,
984977,0.16923087212451948,0.6039766902139679,0.2801943764825872,0.1561059665248869,-0.3913450344811316,0.004352392435902167,0.03672176684881603,6.761476919606312,True
987611,0.9084123032770183,0.6917483404973271,1.3132121178981395,0.3317690620486209,0.13440531872717698,1.3664842994751536,0.16216996812386156,2.492987032236666,
991158,0.3962656821361803,0.5731525084263615,0.6913791291329443,0.5374233911476577,-0.529889149045694,0.14435335485059642,0.16621186247723135,2.6414674565344303,True
1001121,2.152018019553604,0.8090786352609798,2.6598379017379936,1.3065546688686747,-0.04911199206991095,0.7834193476788066,0.24111976320582879,1.9657430663763782,
1001188,0.22320088716330513,0.8994381914329006,0.24815589252188902,0.0963932102075775,-0.2616658658950975,0.17882127324386346,0.026330658014571948,4.210274714426664,
1006811,0.06881850400554437,0.36073576159592174,0.19077261345281157,0.030071259930103556,-0.3902697771041113,0.1648844442791667,0.11771402550091074,3.587764332038425,
1007079,0.9350733827029215,0.7717332462296773,1.2116536215994926,1.1957960962200611,-0.05117792503828033,0.9193568604328098,0.15339071038251367,1.6949881328640974,
1009851,0.8235619013788591,0.47479984911955336,1.7345454150965587,0.2530448185398625,0.09642461714905144,1.1816794113717952,0.2273739184881603,1.7788355682189838,
1011091,1.053357882251927,0.7414017396639349,1.4207653231693207,1.726504326105794,0.12183979586810793,1.1793816086304378,0.22169785974499087,1.911652376122623,
1017510,0.23322015159609202,0.6541056744749117,0.3565481247098357,0.17800566144519644,-0.2237874197948991,0.11722155214313568,0.12036737249544624,4.007164360560773,True
1020729,0.8721850025641192,0.8208066543133802,1.0625949460579336,0.9609598895824465,-0.0029875507243840127,1.0020709588502714,0.23037775383141765,2.3633762715294444,
1038167,0.5410839539601046,0.43835016668102406,1.2343646588683452,0.3274267013544973,0.02097945415180376,1.3077507088055162,0.18110644353369762,3.478844961511521,True
1041141,0.785009654709309,0.6934141013586902,1.1320935832875976,0.3694012305996608,0.26867057790129173,1.3060328443527711,0.26909744990892526,2.0105641974526702,
1056907,0.9120248748456607,0.7828050269696339,1.165072838604854,1.06194926931968,-0.028504172471539566,0.9665422379023562,0.18186782786885247,1.6206984422849584,
1066796,0.12886621704886972,0.3521522380934662,0.36593894091528334,0.10713628583057802,-0.17481533124263296,0.151337312060371,0.2328980532786885,2.1239966031160757,True
1073767,0.8185595901327543,0.8110925017425852,1.0092062106037554,1.1629515949914373,0.09544923990792276,1.1444195240678696,0.24603045309653915,2.1133477995207604,
1075697,0.8011063850176302,0.7078325903026926,1.131773806395451,1.4237420393670714,-0.06450363913452022,0.8861780758730725,0.15096226092896176,1.7063974404005384,
1079731,0.8664583794884092,0.9395277318199444,0.9222275725805413,1.156467585661574,0.021313703579527228,1.0605469538798216,0.21496937613843348,2.178890351548743,
1088228,0.8345830207363135,0.8462108017514278,0.9862590019046696,0.9139159849208532,0.04651830354453988,1.0540070658313065,0.197333162568306,2.101995593695702,
1090081,1.121596710801623,1.1104447561481552,1.0100427820400097,2.0721418102429663,0.08689693714608056,1.1250289463918628,0.09235946038251365,1.1383387973982857,
1101068,0.28725556889969056,0.5481493202200164,0.5240462011051875,0.21416359173649996,0.04429212855070991,1.683391488339714,0.10939737021857923,3.2449067833917193,True
1101186,0.21399621723858417,0.35165409115921625,0.6085418103146549,0.1326855419668286,-0.1821143169891111,0.36636021161933036,0.1324183173952641,2.1468814020186437,
1111228,1.1137045507340262,0.9184644443564376,1.2125723075914954,0.9925884658186614,0.0015234776307809558,0.9397218724858274,0.15411173724954466,2.261517304031607,
1118211,0.19784630541974202,0.5288721446893124,0.3740909923247469,0.17268037881978288,-0.41539509078807213,0.20990772388508958,0.36523656648451736,2.3295403894598836,True
1121081,0.2517305120322635,0.46234672641152824,0.5444626243729511,0.07300424683561876,0.00374055745157442,1.381469244137463,0.05639224726775956,7.932573951959833,True
1141091,0.1580183797514244,0.6100686050426921,0.25901739320017364,0.0916564860326156,-0.4624160518677563,0.02568972700348798,0.1696349043715847,3.629398214526594,True
1141141,0.1999817455565841,0.3467140475975585,0.5767915864450609,0.20528603375061158,-0.1851618079407962,0.5411577171347106,0.07631841985428052,3.390381814252504,True
1151067,0.9087154199690309,0.8645234326567297,1.0511171654150504,1.4521886124862093,-0.07151725404102528,0.8823046912111356,0.15816302367941712,2.143841088775387,
1197401,0.7431630459261318,0.8875291237374261,0.8373393346199592,1.7427176460982197,0.07299263109467197,1.4532405156075814,0.19740926684881605,2.3544026230924504,
1199104,0.886399382310046,0.49887988083290496,1.7767791734358134,0.63018094334508,0.07429196715714208,1.0857533025056694,0.1469179758652095,2.133877481439621,
1214111,0.9220174973510309,0.9875735405018784,0.9336190769980205,3.119223806592418,-0.0018672114151243781,1.031436669505504,0.36977811930783244,1.1121348315227986,
1218377,0.14705308891771293,0.5115960276689822,0.28743985677085954,0.132858693763421,-0.25437617856986744,0.01650413419792061,0.06147563752276867,5.915309006036183,True
1223661,0.8537180484107207,0.7882452623760634,1.0830614393257476,1.002727871473703,0.09672973196525302,1.1788050462915947,0.1853769922586521,1.9248115832282668,
1228211,0.8612646104344521,0.5621851170901458,1.5319946833390632,1.219966618980534,0.032357091546927855,1.0930000075763853,0.150008822859745,2.067121894548614,True
2887690,0.924486204198122,0.8471704839190354,1.0912634726382604,1.4078952362274153,0.10354066056530847,1.0743090695790816,0.2975945469034608,2.1266767398092092,
3699704,0.897660809724504,0.7557989412658233,1.187697892538839,1.3764902344280032,-0.039612650104841385,1.0432481167085517,0.13887887067395263,1.5515920201537454,
4675977,0.7205186475964601,0.8210147598159068,0.8775952429381653,0.8046440689536374,-0.07919063762174412,0.8856694365738044,0.19260894808743168,2.4148470352952653,
5102111,0.9121249312604155,0.9028558353043913,1.0102664186169867,1.122665822274914,-0.13256456434526936,0.8935474202458894,0.1739801912568306,2.4331306688285217,
6512274,0.20190614267008197,0.4371377347285575,0.4618822092662772,0.08044581669942223,-0.12081855439101588,0.4876675558723097,0.06673164134438306,4.277207778343851,True
6577811,1.0339252796686924,1.0829607846855032,0.9547208858250108,0.5739413250059582,0.026278031263387056,1.0378799243383308,0.3458127276867031,0.9692983893245442,
6697809,0.19831151717025003,0.5916302172376506,0.33519504479702855,0.1110711879613875,-0.4333180168394259,0.06097825659621225,0.18202299635701275,3.0175323224875013,True
7011879,0.7909500602908061,0.8157199811892557,0.9696342844730406,1.2024705467104662,-0.11068502824655839,0.796714082658491,0.22708532559198544,2.93688367666405,
7046666,0.5668882445798707,0.3943869851226222,1.4373908520424798,0.7103848499519017,-0.07502263328728494,0.7502514175846369,0.3014714822404372,1.2296989831840965,True
7115691,0.12283755668786905,0.37055238427350445,0.3314984922542092,0.15223054460079147,-0.056115251818452415,0.3565694751780946,0.1689593010018215,3.2353367468943177,True
7179878,0.8909169762223521,0.6632597002857524,1.343240024742221,0.4005699496800674,0.1164495651267249,1.132405813666155,0.2414492258652095,1.391570510300787,
7211375,1.0050389122189207,0.80826383442946,1.2434540176208193,0.4390165932795518,0.10524564165101581,1.1518805233373628,0.17891433287795994,1.8136502490147353,
7286748,0.10881393483793578,0.459022711631108,0.2370556664860272,0.13913652108842273,-0.34423014757629034,0.1659132991447225,0.07878836520947177,2.0215553703235294,True
7437311,0.9584998758948613,0.8685421211317438,1.1035732782261602,1.309359156040279,0.06570921991982487,1.0837830286989882,0.33614691484517306,1.7145717430312941,
7510211,0.9017289946246587,0.8342215647111575,1.0809226622388683,0.47147739667506405,0.015557809823436663,1.0358180436415567,0.12336714480874317,3.108844469632523,True
7569701,0.7896884902815596,0.8444931866696062,0.9351034475432802,1.2071668200343846,-0.13493928726119458,0.8164732147219046,0.3801595514571949,1.5990030322272453,
7612088,0.9220718544650557,0.6866329040880739,1.3428891172782804,0.9197492791310105,-0.03784915798014544,1.0354079174480786,0.14956540300546448,1.878588788739739,
7710311,0.06543482519193042,0.4398623394833039,0.14876205421176814,0.04211059791059561,-0.16357702747521372,0.0,0.0506646174863388,8.149129319936083,True
7810010,0.17018043568191452,0.5361284022212951,0.3174247717092033,0.2771995373051339,-0.42328823957001793,0.17321172340032195,0.16752367941712204,2.1675363351314183,True
7811599,0.048969776548668804,0.3838099849010965,0.12758859455229588,0.03452206082077906,-0.34266516946929165,0.0020408593359645053,0.1297572290528233,3.4988924582477896,True
7846661,0.7226601656296656,0.7618682612937521,0.9485369089959123,1.6421766492399588,-0.14200568226773633,0.8791196670520856,0.1080261839708561,1.0592545420124075,
7873107,0.7452199782430687,0.5463297367050847,1.3640479881938907,1.1768580629463594,0.19376392469732992,1.3632614011844828,0.5355442850637522,1.6811052981861985,
7873786,0.19981067807143363,0.555260358664223,0.3598504286387625,0.11802343276265441,-0.19524231772163333,0.17336790698874294,0.08359363615664846,4.589854703667657,True
7878467,0.29117040837857655,0.6006807850079331,0.48473401454772874,0.28287522618727606,-0.1476373871113543,0.17144676504088016,0.27238387978142076,2.3638287824989903,True
7906883,0.10365310335168886,0.4990333440583278,0.20770777060455048,0.08762114823725012,-0.26862496113640605,0.02118297790154335,0.12764252260981912,2.480282760370434,True
8061051,0.7869990585902823,0.42116707070868853,1.8686148878306568,0.9120703062874728,-0.05452533499155692,0.9093371274521296,0.2824252618397086,1.5053289682203657,
8079897,0.9376727551207238,0.9447641293197603,0.9924940268380613,0.6068589545442898,0.04826125994247117,1.0236300324069685,0.27549208788706736,2.0794746989810204,
8111796,1.201841714938992,1.0677573908926965,1.1255756459191488,2.2044839155953353,-0.0444966285427008,0.9030034774903059,0.09299635701275046,2.577949033945396,
8112146,0.7520912496227058,0.7648724237310972,0.9832897961649029,0.5249180960307902,-0.13010824525840292,0.8842134713479415,0.1922500569216758,1.9052681536888234,
8272971,0.7413647965185207,0.39382632238786996,1.8824663420754506,0.27410260150311777,-0.005859570067805094,1.0166247215499826,0.22100045537340618,1.9835880324626685,
8312167,1.4912694611834043,1.0933087609776373,1.3639966260307932,1.071236700268303,-0.011701568866085093,1.0264650142512264,0.1325231102003643,2.563840677115614,
8410090,0.8294258165769763,0.8104381926401423,1.0234288365346882,0.5202251390435522,0.06688252007014968,1.055036001408226,0.2360927254098361,1.9830997998569866,
8478885,0.8588732003805428,0.7160998017174736,1.199376397424836,0.8736258897188929,0.0550521002312433,1.084976977741281,0.31613979963570127,1.5684830161655743,
8566105,0.989627954930141,0.8707232901654116,1.1365584980989092,1.435017759212416,-0.17550812116852407,0.8063726785107698,0.14150876593806921,2.0436890426288423,
8611610,0.8545564568986902,0.8727874116910094,0.9791118036899764,0.26775221720699105,-0.03995058522618123,0.9079599516723552,0.20717970173041894,2.677621363087538,
8611772,0.6286391241916922,0.6153619505497524,1.0215762018273606,0.36764166876280147,-0.10750265968729442,0.6512555031958639,0.19620645703933748,1.788103091727711,True
8673111,0.9870565672657162,0.6998855701257907,1.4103113557382134,0.4271553967278417,-0.08374630299940765,0.9376237874028647,0.15438564435336977,1.7785116840729611,
8701118,0.9745010771366379,0.9409388249043193,1.0356688993418157,1.198045663805594,-0.20928188704235592,0.8509322605810516,1.0431676343351548,1.111257464418553,
8877761,0.7211629509176332,0.7270493891062175,0.9919036611861806,0.9945144396483343,-0.1443099702995793,0.712293348942254,0.13729104052823315,2.10456969233729,True
8910784,0.8283200963787346,0.6771419641850475,1.2232591394267416,0.4853344419344057,0.0034688486510873837,1.025277652122338,0.2505611908014572,1.9696882102562128,
8910987,0.6737077311708016,0.825085772715599,0.8165305395503695,0.6498091032121002,-0.17164298530101368,0.7578372950783702,0.22991712204007286,2.376953632622988,
8971777,0.8077791687469816,0.6059984194706493,1.3329724018960174,0.3552098068710761,0.08850397666547151,1.0942795518642796,0.2608627618397085,2.0433933546475425,
9011578,1.0038456429014508,0.7795873357920283,1.2876628400865253,1.2155888384346498,-0.03405424058030966,0.9059623311009121,0.1777682718579235,1.9739695484538036,
9115910,0.7884652815014132,0.8349924152572262,0.9442783755808368,0.9658333977170316,0.184666059866373,1.3242152769090565,0.1297344034608379,3.0837526208698267,
9711086,0.5114899335275543,0.42593972089891896,1.2008505157680225,0.2220034718299956,-0.08406625724356179,0.8293226785808071,0.10370036429872496,2.154581042344658,
9812028,0.7337234890549736,0.7544596638429872,0.972515197588709,1.332088181488715,0.04151091026808825,1.2092595532671289,0.2643882627504554,1.288042415130526,
9816877,0.792062887004477,0.49393738839970697,1.6035694110353904,0.8363338274492902,0.016958348604083254,1.2646067902774152,0.08040684185606062,6.420591625635896,True
9970781,1.0767807470880932,0.7995371639077031,1.346755092440449,1.5247817239997419,-0.06426232666156757,0.9001809552394079,0.16022757285974498,2.890974707266466,
